ndi	869
a	597
ku	405
la	394
wa	322
pa	286
dziko	254
cha	246
kuti	216
mu	213
anthu	210
ya	189
ndipo	161
kwa	156
za	156
amene	139
malawi	121
mzinda	109
mala≈µi	107
anali	87
is	84
it	84
banda	84
this	82
can	81
wikipedia	81
by	80
you	80
stub	78
expanding	78
help	78
article	78
boma	77
africa	73
ngati	73
ena	71
dzikoli	59
chipani	59
iwo	59
mutharika	58
nthawi	57
komanso	57
lomwe	53
kwambiri	52
ntchito	51
chifukwa	51
ma	50
ambiri	47
zaka	47
kapena	46
america	44
chisankho	44
koma	44
yesu	42
pamene	42
chomwe	40
zambia	39
mwa	38
chaka	38
pakati	37
mtsogoleri	37
and	36
of	36
lilongwe	36
omwe	35
munthu	35
chipanichi	33
nkhani	33
ngakhale	33
yomwe	32
ufulu	32
chi	32
pulezidenti	32
kukhala	31
muluzi	31
malo	30
zomwe	30
south	30
awo	29
the	28
ali	28
zambiri	28
malamulo	28
united	28
nyasaland	27
mcp	27
ndiponso	27
kumene	27
bwino	27
mayiko	27
chakuamba	27
chitsamunda	26
tembo	26
states	24
dzina	24
mbiri	23
matendawa	23
mphamvu	23
north	23
mtsinje	22
onse	22
mpaka	22
chuma	21
kumpoto	21
monga	21
nyanja	21
zina	21
chichewa	21
maiko	20
kamuzu	20
nyengo	20
2004	20
moyo	20
pansi	20
makamaka	19
kale	19
mulungu	19
kuyambira	19
wake	19
eminem	19
mwezi	19
nawo	18
akafula	18
zipani	18
tsiku	18
sukulu	18
canada	18
ulamuliro	18
kuchokera	18
chilembwe	18
iye	18
utsogoleri	18
=	18
john	17
bingu	17
madonna	17
ana	17
kasungu	17
lina	17
anakhala	17
udf	17
mbali	17
mchaka	16
nduna	16
wina	16
chilankhulo	16
ka	16
anayamba	16
party	16
anabadwa	16
ndale	16
nyumba	16
muntharika	15
mpingo	15
kunja	15
congress	15
hastings	15
wawo	15
masiku	15
britain	15
maphunziro	15
in	14
kuchoka	14
uli	14
europe	14
lonse	14
baibulo	14
mitundu	14
yili	14
mozambique	14
asia	13
democratic	13
free	13
chiwerengero	13
malonda	13
-	13
african	13
gulu	13
mipando	13
kum'mwera	13
izi	13
wachiwiri	13
mzindawu	13
french	13
mwana	13
chakudya	13
mawu	13
bungwe	13
university	13
pafupifupi	13
lake	13
lili	12
mgwirizano	12
chihana	12
chawo	12
kwawo	12
chakuti	12
caribbean	12
2009	12
ake	12
meyi	12
our	12
matenda	12
rhodesia	11
mayi	11
kubadwa	11
akuda	11
chisankhochi	11
one	11
njira	11
likulu	11
anayambitsa	11
2005	11
m'madera	11
azungu	11
2008	11
chitukuko	11
chinachitika	11
bakili	11
afrika	11
uthenga	11
chikhalidwe	11
khristu	11
maganizo	11
ukachenjede	11
1994	10
bukhu	10
mpoto	10
kuposa	10
european	10
woyamba	10
kummwera	10
nkhondo	10
pambuyo	10
zomba	10
mfundo	10
umodzi	10
chimodzi	10
central	10
linali	10
chigawo	10
6	10
anapambana	10
pali	10
tsopano	10
zisanu	10
akulu	10
pafupi	10
zonse	10
awiri	9
wodzilamulira	9
amakhulupilira	9
imene	9
zinthu	9
atsamunda	9
ochepa	9
zedi	9
lalikulu	9
20	9
kunali	9
anasankhidwa	9
us	9
great	9
links	9
2010	9
limapezeka	9
mwanza	9
dpp	9
mmodzi	9
blantyre	9
chikhristu	8
atatu	8
kusintha	8
ebola	8
dr	8
mavoti	8
alimi	8
for	8
limene	8
mtunda	8
ndalama	8
kilomita	8
mau	8
malinga	8
ano	8
zinali	8
3	8
siyana	8
madera	8
zomera	8
umene	8
pulezident	8
all	8
to	8
likhale	8
pano	8
lokha	8
kupita	8
ankafuna	8
tizilombo	8
lapansi	8
womwe	8
front	8
zotsatira	8
western	8
mdziko	8
chipangano	8
amakhala	8
nkhalango	8
padziko	8
english	8
m'ma	8
tauni	8
ziwiri	8
limatanthauza	8
union	8
mexico	7
pomwe	7
aliyense	7
yayikulu	7
mazana	7
bay	7
kenaka	7
chidwi	7
mangochi	7
kufika	7
yohane	7
kuli	7
miliyoni	7
mulanje	7
mabukhu	7
west	7
zili	7
madzi	7
akuti	7
julaye	7
udindo	7
kwacha	7
dzilo	7
analemba	7
umboni	7
1900	7
cholinga	7
mvula	7
akufuna	7
luka	7
1964	7
mwanayo	7
amanena	7
kumadzulo	7
malire	7
2006	7
anasiya	7
amati	7
chilankhulochi	7
asanu	7
gwanda	7
zimbabwe	7
zimenezi	7
mdzikoli	7
amatanthauza	7
dera	6
china	6
koyamba	6
mulandu	6
anayi	6
bantu	6
dzuwa	6
tanzania	6
m‚Äôthupi	6
de	6
chitaganya	6
loti	6
galimoto	6
zimene	6
chili	6
roma	6
cape	6
wao	6
wabwino	6
bambo	6
greenland	6
17	6
m'dziko	6
phiri	6
chilengedwe	6
pacific	6
au	6
njala	6
unali	6
24	6
dongosolo	6
amayenera	6
febuluale	6
scotland	6
limodzi	6
ufumu	6
anamasulidwa	6
buku	6
chintheche	6
heidelberg	6
be	6
atsogoleri	6
anamangidwa	6
aphungu	6
yaikulu	6
land	6
feteleza	6
apa	6
praise	6
bonse	6
makumi	6
tauniyi	6
chokwanira	6
david	6
azimayi	6
okwana	6
nkhaniyi	6
anapita	6
ochokera	6
patapita	6
chimalankhulidwa	6
chimene	6
chigiriki	5
ngwazi	5
new	5
gawo	5
dre	5
anasankha	5
1997	5
india	5
otsatira	5
london	5
kum'mawa	5
zigawo	5
apolisi	5
khumi	5
kanema	5
rap	5
coast	5
anapeza	5
kumakhala	5
climate	5
mphepete	5
east	5
ubale	5
ang'ono	5
ta	5
komwe	5
madzulo	5
m'mene	5
iwowa	5
mtundu	5
umapezeka	5
zabwino	5
maboma	5
achewa	5
tsankho	5
international	5
iwowo	5
50	5
ankalamulira	5
analengeza	5
23	5
msonkhano	5
akhala	5
akhale	5
kupanga	5
wakhala	5
thyolo	5
nyama	5
milandu	5
m'chaka	5
wawukulu	5
m‚Äôma	5
m‚Äôchaka	5
mavuto	5
osiyanasiyana	5
sudan	5
kontinenti	5
zake	5
okotobala	5
unduna	5
zinenero	5
mafuta	5
thupi	5
kapitolo	5
ulimi	5
wakale	5
25	5
anapatsidwa	5
progressive	5
kutentha	5
chingerezi	5
pang'ono	5
ndiye	5
anachita	5
kudzera	5
wotchuka	5
twikatane	5
nthaka	5
choncho	5
magazi	5
atlantic	5
nac	5
oyandikana	5
chitetezo	5
debbie	5
zachuma	5
katekisma	5
democracy	5
yunivesite	5
mabungwe	5
anamwalira	5
anabadwira	5
ananena	5
chinenero	5
yaitali	5
april	5
church	5
alliance	5
mtima	5
ine	5
ep	5
ankachita	5
limati	4
inali	4
kaamba	4
anatenga	4
mtengo	4
oposa	4
1993	4
henry	4
anthuwa	4
kumvuma	4
british	4
mateyu	4
patsogolo	4
kuyenda	4
amayi	4
wokha	4
kugulitsa	4
weni	4
waukulu	4
kugwira	4
osati	4
mboma	4
amaganiza	4
sekondale	4
1963	4
woyera	4
m	4
chiyambi	4
ulaya	4
kenako	4
we	4
amalankhula	4
nthawiyi	4
ochoka	4
pioneers	4
honge	4
theka	4
aford	4
mtsinjewu	4
54	4
palibe	4
lumbanyeni	4
chauncy	4
udakhazikitsidwa	4
kusonyeza	4
pachaka	4
ankawalamulira	4
patangopita	4
was	4
lawo	4
anatambasula	4
padakali	4
mbeu	4
mlandu	4
vietnam	4
ziphuphu	4
choti	4
mizinda	4
kusamuka	4
sepitembala	4
anthuwo	4
m'mayiko	4
chinapambana	4
1	4
chiwiri	4
may	4
southern	4
si	4
olamulira	4
limbe	4
january	4
kunachitika	4
yokhudza	4
chilatini	4
wotsika	4
language	4
okhudza	4
inu	4
14	4
16	4
2014	4
russia	4
black	4
angerezi	4
college	4
europu	4
zotsutsa	4
linakhala	4
mipingo	4
kochepa	4
kuphedwa	4
chinyanja	4
ngozi	4
stand	4
with	4
pinnata	4
volley-ball	4
network	4
chabe	4
mzuzu	4
imodzi	4
chilumba	4
chakufwa	4
strong	4
young	4
ulemu	4
september	4
chomwecho	4
oona	4
england	4
zilankhulo	4
7	4
mma	4
american	4
city	4
ndege	4
minda	4
liu	4
province	4
yawo	4
bwalo	4
mankhwala	4
njata	4
anakhazikitsa	4
aafupi	4
chipembere	4
ocean	4
4	4
ang‚Äôonoang‚Äôono	4
shire	4
lakuti	4
san	4
zinachitika	4
lakes	4
amasiye	4
anati	4
dedza	4
chonchi	4
malichi	4
km	4
peace	4
pofika	4
leni	4
william	4
miyezi	4
dokotala	4
mbusa	4
salima	4
booth	4
mmalo	4
muyaya	4
zokhudza	4
chachikulu	4
anabwera	4
yosiyana	4
mweni	4
own	4
mutu	4
kulamulira	4
|	4
wamkulu	4
masiye	4
linachokela	4
monkey	4
mphunzitsi	4
sea	4
zawo	4
akale	4
awa	4
yuda	4
wochokera	4
ofufuza	4
mainchesi	4
wapampando	4
mzimba	4
mmene	4
ad	4
akachenjede	4
~	4
tsitsi	4
zakuti	4
kwambili	4
olankhula	4
1980	4
baptist	4
other	4
kunena	4
izo	3
yonse	3
nzika	3
winfrey	3
chapakati	3
wamba	3
muzigawo	3
pamthunzi	3
100	3
marino	3
kukha	3
chinali	3
oyamba	3
1995	3
1999	3
anachotsedwa	3
chimenechi	3
chinthu	3
chipululu	3
zizindikiro	3
aroma	3
list	3
rp	3
oprah	3
umphawi	3
linapatsidwa	3
panopa	3
anaphedwa	3
lopatulika	3
lalitali	3
tree	3
zochokera	3
poland	3
matani	3
nathenje	3
omasuliridwa	3
1966	3
1961	3
asilamu	3
maples	3
amenewa	3
13	3
15	3
muli	3
chinyengo	3
wo	3
linalembedwa	3
studio	3
mathers	3
livingstonia	3
air	3
economics	3
dzinali	3
m‚Äôdziko	3
pongamia	3
kampeni	3
anabwelera	3
amayamba	3
1970	3
kukula	3
abale	3
anazindikira	3
motsutsana	3
amatchulidwanso	3
ekwendeni	3
chingelezi	3
zosiyana	3
choka	3
herodi	3
joseph	3
asanayambe	3
mitengo	3
analembedwa	3
imeneyi	3
chiarabu	3
makampani	3
rukuru	3
zosiyanasiyana	3
anglo-america	3
mchitidwe	3
sierra	3
karonga	3
ankakhala	3
kachitatu	3
johnson	3
kanthawi	3
chisankhocho	3
1959	3
denmark	3
malemu	3
rapper	3
membala	3
11	3
10	3
19	3
nyamazi	3
kutanthauza	3
akumidzi	3
wolembedwa	3
proud	3
detroit	3
chilidenevi	3
anglophone	3
mfumu	3
august	3
26	3
22	3
kwake	3
african-american	3
rhymes	3
arctic	3
kulimbikitsa	3
30	3
kukathandiza	3
mstinge	3
titafika	3
malamulowo	3
anagwira	3
zigwa	3
pamodzi	3
chilichonse	3
anadandaula	3
october	3
yapamwamba	3
ochuluka	3
5	3
u	3
woyimira	3
analowa	3
palokha	3
sung	3
ofunika	3
kati	3
domasi	3
kuwonekera	3
wapangidwa	3
ankatsutsana	3
chinapeza	3
chizungu	3
kadzamira	3
coalition	3
zapitazo	3
nsanje	3
kuvala	3
industrial	3
nkhotakota	3
its	3
28	3
linapangidwa	3
bless	3
miyambo	3
anathandiza	3
ofuna	3
so	3
dong	3
kummawa	3
amatchedwa	3
chitumbuka	3
analandira	3
1912	3
1915	3
digiri	3
komabe	3
kayendetsedwe	3
banja	3
ankagwira	3
yoyamba	3
chigamulo	3
ntcheu	3
anapangitsa	3
wachitatu	3
mabwalo	3
are	3
pasaka	3
awiriwa	3
kuphatikiza	3
magawo	3
pamwamba	3
makilomita	3
anachokera	3
kumeneku	3
anapanga	3
balaka	3
katekismayi	3
mwanayu	3
upulezidenti	3
achinyamata	3
kupeza	3
mtanda	3
yochoka	3
2002	3
2007	3
nkhata	3
kuchita	3
kawirikawiri	3
anayesa	3
masomphenya	3
mediterranean	3
chisiza	3
mzikoli	3
mchigawo	3
delari	3
sing	3
eni	3
northern	3
timtamande	3
zokha	3
alinso	3
abusa	3
zilumba	3
amalawi	3
poyelekeza	3
february	3
ankayimira	3
kulankhula	3
congo	3
mchinji	3
belize	3
phungu	3
m'chingelezi	3
ichi	3
have	3
kristu	3
frederick	3
wopambana	3
2013	3
national	3
latin	3
kwazulu-natal	3
zamakono	3
zipatala	3
novembala	3
munthuyo	3
mstogoleri	3
chikwawa	3
bungweli	3
kupambana	3
lesa	3
anakhazikitsidwa	3
akunja	3
mkatikati	3
potsatira	3
okuti	3
udindowu	3
ankakhulupilira	3
pofuna	3
m‚Äômalo	3
chachiwiri	3
alendo	3
myp	3
ina	3
adasankhidwa	3
iyeyu	3
missouri	3
june	3
entertainment	3
mpando	3
zikhulupiliro	3
chapadera	3
poonetsetsa	3
kufooka	2
kutero	2
kuzunza	2
bank	2
linkavutika	2
malaomo	2
under	2
linakhazikitsa	2
mabanja	2
every	2
chambiri	2
school	2
ayime	2
zitatu	2
dasymys	2
kutalika	2
kugulu	2
kukamba	2
aphunzitsi	2
chithandizo	2
ngabu	2
men	2
nyimbo	2
lero	2
101	2
chisilamu	2
aku	2
kadumphidwe	2
ndicho	2
olembedwa	2
tigwirizane	2
calo	2
lwa	2
dwangwa	2
omanga	2
katunga	2
wikipedias	2
90	2
akapolo	2
zinayi	2
my	2
hoa	2
mgwirizanowo	2
zofuna	2
ryson	2
katemera	2
atayamba	2
mpingowu	2
iovine	2
helene	2
40%	2
misewu	2
7.5%	2
banu	2
thee	2
chirwa	2
each	2
anafika	2
anamutenga	2
god	2
atachoka	2
iwiri	2
chiradzulu	2
creole	2
luchenza	2
iso	2
kamba	2
akufa	2
m'chiuno	2
cascades	2
5.000	2
amakumbukira	2
kunkatchedwa	2
nations	2
wokhudza	2
chinanso	2
namitete	2
yofunika	2
1960	2
1962	2
dzikolo	2
aone	2
colonialism	2
germany	2
wokhwima	2
akumeneko	2
anachoka	2
anthi	2
start:0	2
yabwino	2
radio	2
kukayamba	2
atachokako	2
cecilia	2
pakuti	2
msogoleri	2
countries	2
paliyamenti	2
mmadera	2
anakhalapo	2
fair	2
demokalase	2
iran	2
zinyama	2
choyamba	2
sanali	2
mponela	2
yambiri	2
adapambana	2
ukapolo	2
mliri	2
chidachitika	2
anabweretsa	2
eastern	2
yothandiza	2
zokopa	2
haiti	2
chinangwa	2
chimakhudzira	2
maka	2
namwera	2
cholamulira	2
1600	2
1974	2
1972	2
1971	2
chisoni	2
tamanda	2
feduro	2
kuzungulira	2
rna	2
limeneli	2
53	2
ola	2
right	2
amene≈µa	2
mosiyana	2
pentecostal	2
kutsutsa	2
chiwawa	2
chiyankhulo	2
o	2
angoni	2
hanoi	2
unit:year	2
anafuna	2
dowa	2
</dl>	2
wachira	2
calabria	2
wokhala	2
ndondomeko	2
anasintha	2
true	2
dehli	2
kuzambwe	2
livingstone	2
ogwira	2
republic	2
demokilase	2
mulitali	2
rumphi	2
1800	2
zalewa	2
time	2
miyala	2
ngakhalenso	2
57	2
pokha	2
album	2
patangotha	2
brown	2
malemba	2
afrikaans¬†¬∑	2
join	2
anatanthauziridwa	2
mavailasi	2
juni	2
chinapangidwa	2
akudwala	2
∞	2
zathandiza	2
safuna	2
chinapanga	2
ndilo	2
kuphana	2
institute	2
trial	2
chikhirisitu	2
bwanje	2
monterrey	2
mokhala	2
akhoza	2
quirinius	2
chinatenga	2
osachepera	2
madela	2
sikweya	2
america-chinyezi	2
panalibe	2
popeza	2
chonena	2
atamwalira	2
mnyungo	2
michigan	2
funsani	2
pilato	2
m'mwela	2
sp	2
wosiyana	2
anapachikidwa	2
linapangitsa	2
hoi	2
madisi	2
linalowa	2
padera	2
nimu	2
zinakhala	2
mwimbi	2
mbewayi	2
mwake	2
chikhulupiliro	2
nation	2
1953	2
paltoga	2
kudera	2
1958	2
mphekesera	2
ankagwirizana	2
chigwa	2
payekha	2
kumaiko	2
macedon	2
kovuta	2
fort	2
phwando	2
ochokela	2
1000	2
anatsutsana	2
okotoba	2
voti	2
president	2
kotentha	2
wathu	2
panakali	2
malosa	2
ankaona	2
mukhoza	2
sianali	2
anyani	2
okha	2
adzilamulire	2
nazo	2
senjele	2
amagwirizana	2
chachitatu	2
mnyumba	2
zidali	2
mwina	2
german	2
maina	2
msikitzi	2
khoisan	2
nalo	2
state	2
koya	2
wojambula	2
trade	2
gweru	2
anabatizidwa	2
pepala	2
zinachititsa	2
kilometer	2
zimasonyeza	2
m‚Äômwera	2
kalendala	2
60	2
65	2
unathetsedwa	2
callista	2
asilikali	2
500	2
kulowa	2
chotchuka	2
chiyuda	2
oletsedwa	2
pamaso	2
d12	2
masauko	2
chipoka	2
oil	2
ziphunzitso	2
muthu	2
m‚Äôphirimu	2
chikunda	2
mano	2
chiwelengelo	2
ngalamu	2
wotsutsa	2
saint	2
anyanja	2
virginia	2
early	2
zodzitetezera	2
chosowa	2
lilangwe	2
amagwiritsidwa	2
ankanena	2
odzidalira	2
wodzodzedwa	2
power	2
anafunsidwa	2
kutsegula	2
tepi	2
or	2
anagawa	2
augustus	2
your	2
yolamulira	2
her	2
area	2
italia	2
stary	2
makhalidwe	2
amatchedwanso	2
dunduzu	2
kuphika	2
nisan	2
amatengedwa	2
zambezi	2
mpulumutsi	2
yachiwiri	2
munda	2
mbewu	2
yokhala	2
as	2
kwakukulu	2
pokweza	2
aliwonse	2
mudzi	2
otchedwa	2
nchalo	2
kanyama	2
kudzaima	2
twaliilubula	2
mayani	2
anakwiya	2
napoleon	2
analembetsa	2
adani	2
sayansi	2
eleni	2
july	2
udakhala	2
chidzachitike	2
mwachitsanzo	2
lotchedwa	2
yofufuza	2
chiluya	2
anaphunzira	2
siimakupiza	2
neno	2
likoma	2
fwe	2
194	2
zozizwa	2
chimanga	2
chiri	2
chipata	2
maudindo	2
spain	2
anakasuma	2
yolemba	2
sankaloledwa	2
kunapangitsa	2
mtendere	2
mtsogolo	2
phalombe	2
msewu	2
limanena	2
johnston	2
buluku	2
johannesburg	2
kumapeto	2
kumapita	2
uetersen	2
limpopo	2
mafuko	2
banki	2
yozizira	2
zapamwamba	2
wopita	2
mission	2
kafukufuku	2
21	2
pigazzano	2
wokambirana	2
yathu	2
pena	2
chomwechi	2
mulanduwu	2
tsekela	2
chitipa	2
m'malo	2
anapezeka	2
amalandira	2
anzawo	2
mphambu	2
anayesetsa	2
robert	2
unachitikila	2
wamuyaya	2
health	2
lililonse	2
anawonetsa	2
dutch	2
siriya	2
matupi	2
nthano	2
ogasiti	2
limafanizidwa	2
kusowa	2
songwe	2
akuyamikira	2
park	2
amapezekanso	2
kufala	2
chipulumutso	2
kukweza	2
amakayikira	2
chikoka	2
mpweya	2
gauteng	2
jenda	2
3166-1	2
chotsatira	2
m'modzi	2
madigriri	2
kiswahili¬†¬∑	2
nsadsi	2
khothi	2
miquelon	2
cajanus	2
pologilamu	2
zinai	2
alexander	2
croatia	2
nponela	2
louisiana	2
f√©d√©ration	2
amuna	2
korea	2
maravi	2
pamo	2
c	2
thom	2
yakuti	2
nkhondoyi	2
anayandikana	2
m'dera	2
algeria	2
iyi	2
lidakolola	2
italy	2
ndiri	2
limatchedwa	2
mountain	2
masukulu	2
chingoni	2
kapenanso	2
mzindau	2
mpumalanga	2
mmboma	2
leone	2
pulogalamu	2
kuponsa	2
wamng'ono	2
airbus	2
adzabweranso	2
tchalitchi	2
lamulo	2
akhristadelfia	2
orton	2
≈Åobez	2
otchuka	2
chankhalamu	2
pierre	2
economic	2
m'pangano	2
banovci	2
akatswiri	2
nsi	2
zoyipa	2
d'italie	2
kabvalidwe	2
zovala	2
azibambo	2
subregions	2
amakhulupiliranso	2
chokha	2
1890	2
peter	2
osauka	2
kansas	2
chidali	2
pempho	2
josephus	2
mwathunthu	2
ntchafu	2
repubblica	2
edingeni	2
malemia	2
yake	2
akhristu	2
zamakolo	2
nthumwi	2
ndilogawidwa	2
chileka	2
apange	2
trojany	2
indian	2
liwonde	2
kuchokela	2
tizilomboti	2
kalembera	2
let	2
31	2
zipatso	2
mgodi	2
namadzi	2
yotentha	2
kuwonjezera	2
&	2
loyima	2
december	2
stage	2
anabandwa	2
dw√≥r	2
linakhazikitsidwa	2
mapiri	2
yoona	2
anatumiza	2
mtsogoleli	2
lusaka	2
sir	2
kubvala	2
m'midzi	2
encyclopedia	2
chiyao	2
kalikonse	2
m'mizinda	2
linthipe	2
52%	2
ziwili	2
chiume	2
vietjet	2
tiyeni	2
quebec	2
commonwealth	2
incomtus	2
zoyendetsera	2
zitsanzo	2
mtsutso	2
amatchula	2
mphatso	2
adzaimenso	2
york	2
sukuluyi	2
m‚Äômwezi	2
mkazi	2
amasiyana	2
lunzu	2
bonongwe	2
jesus	2
chiponde	2
m'deralo	2
los	2
malia	2
m'chisipanishi	2
embangweni	2
machinga	2
otentha	2
yamakono	2
kutu	2
fuko	2
mseu	2
st	2
est	2
mabizinesi	2
adzaimira	2
odwala	2
kalata	2
mileme	2
tiri	2
bien	2
mua	2
malungo	2
lobi	2
atamutenga	2
chotsutsa	2
mwayi	2
maulemu	2
kuima	2
linkatchulidwa	2
kunachokela	2
nchisi	2
kupatula	2
ziphasozi	2
zothandiza	2
thete	2
mapeto	2
ankadziwa	2
okhala	2
percival	2
ophunzira	2
moshchena	2
ural	2
kufalitsa	2
lithuania	2
jimmy	2
chinakalibe	2
analoledwa	2
kumtunda	2
kutsatira	2
kakhalidwe	2
anzathu	2
kapichira	2
ili	2
wodziwika	2
champhira	2
mapulani	2
zokhudzana	2
makalata	2
chakumwera	2
soviet	2
òmama‚Äô	2
mzaka	2
web	2
m‚Äôboma	2
nandalo	2
trpinja	2
11%	2
koyambilira	2
zichy√∫jfalu	2
muliri	2
bodza	2
chithunzi	2
bangula	2
panali	2
world	2
amatsutsana	2
angeles	2
chinkholoma	2
wonse	2
washington	2
joyce	2
ankaawona	2
iyeyo	2
chonse	2
davide	2
apamwamba	2
nchito	2
kubwera	2
42	2
yopereka	2
anatengedwa	2
mlungu	2
khalidwe	2
achisangalalo	2
ndya	2
kukhonzanso	1
zimakhulupilira	1
chidaonetsa	1
yofuna	1
ankawonedwa	1
lidatumiza	1
lokuti	1
mlangizi	1
schengen	1
nwa	1
adzapeza	1
yokawana	1
zidadathandiza	1
cicconne	1
pulayiveti	1
akafuna	1
ankayimiranso	1
nkubweleranso	1
hearts	1
mwk	1
anasamutsa	1
zinkawonedwa	1
dela	1
imawelenga	1
sikumazizira	1
kupempha	1
kolowa	1
ankagula	1
unatengedwa	1
lawobritish	1
durango	1
anakamaliza	1
kulingalira	1
zinachotsedwa	1
bringing	1
kunkayendetsedwa	1
amakakamizidwa	1
wolumbilitsa	1
kupweteka	1
hostess	1
masamba	1
chikaiko	1
actuellement	1
ankapempha	1
unakasuma	1
ziwiri-	1
azimayiwa	1
mothandizidwa	1
jeff	1
jamaica	1
bill	1
27%	1
nthu	1
acacia	1
zinkayenera	1
muchisamunda	1
sathandiza	1
second	1
anatsimikizira	1
42,555	1
width:420	1
chimwalilireni	1
italiens	1
ngodya	1
yuro	1
tonse	1
bajeti	1
58	1
profesa	1
wotchedwa	1
lachitatu-koposa	1
kubuka	1
ndikatenge	1
ever	1
starstruck	1
sanena	1
atabvomera	1
adayika	1
adzikatenga	1
chinyamata	1
makobiri	1
m‚Äômamidzi	1
achibale	1
azachipatala	1
òpulezidenti	1
siinali	1
leri	1
kulanda	1
ankalondedwa	1
fetereza	1
hilal	1
chiwukirano	1
linasithidwa	1
lokumbukira	1
pogwiritsa	1
koyambitsa	1
kunalibe	1
anakaputa	1
wadi	1
kulemba	1
kukhonzatso	1
1783	1
pologalamu	1
kudzaimira	1
moyembekezera	1
anavomereza	1
imachitika	1
dfid,unicef	1
umagona	1
amapzeka	1
chinacho	1
zidapangitsa	1
aluso	1
would	1
zazikulu	1
mukhale	1
dni	1
kuwerenga	1
kunyumba	1
2005/2006	1
kumenyedwa	1
m1	1
suriname	1
indiana	1
adzakhala	1
kungosuntha	1
pangano	1
gwandaguluwe	1
watts	1
opangidwa	1
99	1
ankadyedwa	1
warm	1
zakunja	1
chakuti,anthu	1
94	1
kugonjetsedwa	1
chimalankhulidwanso	1
1991	1
litchowa	1
work	1
odzawonelera	1
osunga	1
zinasungidwa	1
fulfude¬†¬∑	1
kudutsa	1
mv	1
kugwa	1
1787	1
ankaimba	1
mandela	1
s√©lectionn√©s	1
ghana	1
172	1
pachiyambi	1
give	1
mpikisano	1
pachisankho	1
10,000	1
indies	1
galile	1
jae-gi	1
daoklishani	1
mnyamata	1
keep	1
akuwona	1
mgwirizanowu	1
chishona¬†¬∑	1
mmabanja	1
linayandikana	1
ulaya,south	1
anasuma	1
madonnawa	1
how	1
gati	1
beach	1
manix	1
description	1
ndandwe	1
kunafika	1
mlaliki	1
after	1
loyalty	1
opangilapo	1
khoma	1
amapanga	1
dateformat	1
kumwera	1
zolondola	1
zoyambirira	1
ankacheza	1
sioux	1
third	1
mwaukadaulo	1
mmwamba	1
sanapatsidwe	1
agulitsa	1
tsono	1
osakhala	1
ankapitikitsidwa	1
plommer	1
ndinati	1
kusinthidwa	1
malawi,ndiponso	1
tadala	1
1854-1928	1
anene	1
moyandikana	1
japan	1
mgiwirizano	1
ankatsatila	1
palatinate	1
saigon	1
adatsindika	1
imf	1
albums	1
kuzapeleka	1
chifuka	1
kuphunzutsa	1
amapha	1
m'mapiri	1
okonda	1
ÿßŸÑÿπÿ±ÿ®Ÿäÿ©	1
m‚Äômwamba	1
then	1
wachibawidwe	1
sabata	1
anli	1
malagasy¬†¬∑	1
khama	1
imafika	1
bana	1
batwa	1
anakwanilitsa	1
linakhazikhitsa	1
kutchudwa	1
ndichiyani	1
cham'mwanba	1
1,700,000	1
lolimbikila	1
yochepa	1
asiandi	1
www.bbc.com/weather	1
baylor	1
lachabechabe	1
kumatchulidwa	1
16,5%	1
anagawidwa	1
interscope	1
ziwalo	1
ganizoli	1
lisanalandire	1
ankasankha	1
chishango	1
cuma	1
yopangira	1
kwanga	1
m‚Äôtchire	1
mother	1
aids	1
mitima	1
amwalire	1
adapempha	1
kumpsyopsyonana	1
owona	1
sakhulupilira	1
chimadziwikanso	1
kumadera	1
diesel	1
cenchrus	1
iliyonse	1
m‚Äômayiko	1
manda	1
akakumana	1
medicine	1
scenestruggling	1
panopo	1
scottish	1
kucheza	1
anapeleka	1
anatinso	1
sangaime	1
maukwati	1
struggle	1
kudziwa	1
potanthauzila	1
Œ≥ŒªœéœÉœÉŒ±	1
lawala	1
achipani	1
savannah	1
created	1
bagula	1
m'derali	1
itatha	1
tingalowe	1
ndikukapanga	1
otere	1
linazungulilidwa	1
chikuwononga	1
sabvomerezana	1
isa	1
mapetopeto	1
kulowela	1
purpose	1
akukanganira	1
fupi	1
nthenda	1
5.132	1
okwawana	1
inasokonekera	1
mbewuyi	1
chimangacho	1
dzinja	1
utolankhani	1
177	1
175	1
akuwabvutitsa	1
m'chigawo	1
m‚Äôdzikoli	1
libelarisation	1
namaliza	1
chokhala	1
zikuchitika	1
wikiquote/viciquotas	1
anakatsutsa	1
kulowelera	1
onaninso	1
analilinganizira	1
zopangilamo	1
kutinso	1
nthcito	1
bounty	1
woyima	1
disembala	1
tikalowa	1
sanazindikire	1
ziri	1
amayezedwa	1
70	1
kusiyitsa	1
mfumuyi	1
chimafanananso	1
steppe	1
chifuwa	1
loweruka	1
wandale	1
wotsimikizidwa	1
mmaudindo	1
ankhazikitsa	1
project	1
unapezekera	1
<br	1
chingwe	1
mpakati	1
inkayenera	1
zimaphatikizapo	1
mayeso	1
mkosi	1
samadziwa	1
kusakanikirana	1
minh	1
unhcr	1
kumenyera	1
choyikapo	1
chake	1
sindinafune	1
boston	1
onani	1
chinakhala	1
ochepetsa	1
amayalidwa	1
panadutsa	1
anakwatitsa	1
unkagwira	1
amachititsa	1
zingapo	1
osokoneza	1
that	1
m'kupita	1
magesti	1
uganda	1
m‚Äônkhalango	1
wawoyo	1
mafuleya	1
<timeline>	1
bruce	1
tsikuli	1
kumva	1
opanga	1
pakhale	1
anaitaninidwira	1
mkulu	1
kufufuza	1
chimaposa	1
uk	1
kulikonse	1
amphamvu	1
zifundo	1
camp	1
payipi	1
paleo-indian	1
sikunavomerezedwe	1
zachilendobe	1
wamanga	1
reserve	1
powelenga	1
womwewo	1
cimwemwe	1
adasintha	1
ontario	1
amalavulira	1
hungary	1
jogalafe	1
anhu	1
amalembedwanso	1
chinayi	1
oyambirira	1
hours),koma	1
dateline	1
amutharika	1
here	1
akachenjedewanso	1
wachinayi	1
analipo	1
yelusalemu	1
dajjal	1
population	1
ankaunikidwa	1
di	1
indicus	1
kungosunga	1
1941	1
12	1
kusanathe	1
wowatathauzira	1
situdiyo	1
zoletsedwa	1
pearson	1
ubweya	1
anagwetsa	1
yayitali	1
yoyang‚Äôanira	1
bad	1
plant	1
pasonkhano	1
anabvomera	1
konse	1
ulendo	1
kukwera	1
mnzake	1
human	1
guiana	1
adzabadwira	1
states-magulu	1
wu-tang	1
kusakhutilitsidwa	1
zenizeni	1
osungirako	1
inachitika	1
schreiben	1
best	1
techniques	1
oceania	1
westernmost	1
zingatheke	1
linkakhala	1
akewo	1
anathetsa	1
akuyesetsa	1
from:0	1
canke	1
ulimi,asilikali	1
litalandira	1
johhanesburg,pretoria,newyork	1
nzeru	1
m'litali	1
iwunikidwenso	1
chidabala	1
olandilirako	1
vernon	1
msanga	1
censorship	1
activist	1
anamenyedwa	1
caledonia	1
umoyo	1
akuganiziridwa	1
hills	1
zochitsa	1
wabuka	1
anasindikizidwa	1
chakula	1
zambia),mzinda	1
movement	1
unc	1
wamuntharika	1
j…úr…ôp	1
silver-grey	1
piacenza	1
lodetsa	1
ethel	1
mmayiko	1
chimatchulidwanso	1
mapulogalamu	1
kuzikwirira	1
zowilira	1
lunzitsani	1
initiative	1
warszawa	1
kuwelenga	1
250	1
chochititsa	1
ivictus	1
"trial""awa"	1
loyimba	1
speak	1
akangotenga	1
angathenso	1
sam	1
ayao	1
tidzipereke	1
pongwiritsa	1
likupezeka	1
referendum	1
woimba	1
oteteza	1
ovutika	1
migodi	1
plantae	1
povuta	1
nayo	1
meilleurs	1
ungapake	1
till:11000	1
mombera	1
amitundu	1
wawun'gono	1
25%	1
koti	1
ankadzela	1
anabereka	1
esculenta	1
africaku	1
ÀàyÀêt…êz…ôn	1
zamanga	1
mofanana	1
chikhacho	1
nthawiyo	1
chosankha	1
calcium	1
bukuli'	1
mtogoleri	1
6.8%	1
kufikira	1
magetsi	1
wfp	1
anakamusiya	1
zinaphatikizapo	1
msonthi	1
m'mwamba	1
ankawakhulupirlira	1
dalitsani	1
equator	1
malichi/epulo	1
zazing‚Äôonozing‚Äôono	1
gululi	1
pamsonkhanowo	1
imakhala	1
kupachikidwa	1
ankakonda	1
m`mizinda	1
if	1
hong	1
chifira	1
adalitse	1
make	1
chitsanzo	1
kuphwanya	1
chowaletsa	1
wolof¬†¬∑	1
mchichewa	1
layikaponso	1
kotsatizana	1
several	1
mosangalala	1
okagwira	1
m'neneri	1
immigration	1
zimayamba	1
elle	1
hand	1
nawonso	1
nasenza	1
chipembedzo	1
scaleminor	1
maumboni	1
zokatenga	1
francophone	1
ankawuzidwa	1
anathamangitsidwa	1
linkawalimbikitsa	1
kampani	1
chibadidwe	1
akumupelekelatu	1
800	1
amafananirako	1
yudanso	1
ndende	1
ankaphunzira	1
moyenera	1
tikakhala	1
valleys	1
w.t	1
chisani	1
yoyang'anira	1
amakumbukilidwa	1
crotone	1
chikuwopsezedwa	1
phillips	1
kagawo	1
mipikisano	1
achiluya	1
zidapindulira	1
prison	1
chotele	1
kaperekedwe	1
mawondo	1
bwaloli	1
maya	1
tanthawuzo	1
amapezeka	1
akuchita	1
alembe	1
limaunika	1
olamulidwa	1
dignity	1
koyendetserako	1
m'wera	1
zeal	1
anaawona	1
umalongosola	1
mozama	1
padabadwira	1
aamuna	1
adayimanso	1
okhudzidwa	1
532	1
za'ma	1
pachiwonetsero	1
kukwatira	1
azachuma	1
amphungu	1
blasius	1
chimantha	1
people	1
chitenje	1
anatsalilabe	1
malawi,john	1
kusamukira	1
nkhumba	1
meters	1
opandilatu	1
ishmael	1
1905	1
zotele	1
omasuka	1
amatulutsa	1
zikhalidwe	1
ammidzi	1
msungichuma	1
fipav	1
referendamu	1
nakamaliza	1
chokuti	1
theological	1
maliko	1
wogona	1
wofunikira	1
angapo	1
aids).chomvesta	1
achotsedwe	1
wothirira	1
zinkatsindika	1
paliyamentiyi	1
mofananamo	1
declaration	1
51,429	1
census	1
kuchintheche	1
chizulu	1
m‚Äônjira	1
shield	1
anawelenga	1
kufunsa;mukachoka	1
mudelari	1
imatengela	1
anatuluka	1
osborn	1
aprica	1
sol	1
chingawononge	1
wikitonary/victionaria	1
down	1
linalamulira	1
zede	1
doctrine	1
nyuzipepala	1
anapempha	1
kusindikizidwa	1
ankangoimako	1
chimapangidwa	1
fight	1
amavutitsidwa	1
inazunza	1
siketi	1
zokwana	1
ukuchitika	1
accountancy	1
kusamba	1
lagawidwa	1
adzaimadi	1
yankhanza	1
$200	1
mphepo	1
siintule	1
pokhulupiria	1
atazindikira	1
beech	1
matanthauzo	1
sizilimbikitsa	1
liwu	1
yanga	1
chaputala	1
shuttled	1
lilongwe,kwa	1
ankakhudzidwa	1
kuwabvinira	1
islands	1
zokwanira	1
maonekedwe	1
wateraid	1
vatican	1
mchere	1
amagawikana	1
osowa	1
mlanduwu	1
itatu	1
150	1
ethenol	1
katundu	1
liberal	1
unapalamulidwa	1
classic	1
ofotokozera	1
wamphamvu	1
zolembalemba	1
muammar	1
disease	1
mvano	1
mphonongo	1
anaotcha	1
kilometa	1
madona	1
aphrike	1
kulowera	1
uthe	1
mmwela	1
no	1
na	1
zana	1
ne	1
mwachirengedwe	1
timeaxis	1
m'phepete	1
amawanda	1
silimadziwika	1
ankawaona	1
lubambe	1
chinenelochi	1
brothers	1
ccap	1
ankateteza	1
mangolomera	1
mahdi	1
kuyanjanitsanso	1
ccam	1
lidaika	1
isizulu¬†¬∑	1
kulamulila	1
banda,mtsogoleri	1
mmalawi	1
scalemajor	1
wogwirizana	1
ndembela	1
atamasulidwa	1
flag	1
together	1
anamupeza	1
kumodzi	1
35.9%	1
maola	1
ndikudziwa	1
wosalala	1
akalitchula	1
mumapezeka	1
afirika	1
corps	1
lydnevi	1
roy	1
zimasiyana	1
banda,kapena	1
kaliwo	1
kubwela	1
chilungamo	1
wapamwamba	1
plotarea	1
ndakhala	1
1942	1
1943	1
atadwala	1
marko	1
1946	1
zimapezeka	1
inkayang‚Äôanidwa	1
cholimbana	1
fej√©r	1
henderson	1
akunja,ogwira	1
samasiyana	1
1871-3	1
negrito	1
inkagwiritsidwa	1
doko	1
febuluwale	1
kawiri	1
zamaphunziro	1
1992	1
m‚Äômanja	1
entries	1
deralo	1
cool	1
polytechnic,yomwe	1
kampala	1
valentia	1
mudzikoli	1
senegal	1
kudwala	1
linabvomera	1
p	1
gridcolor:linegrey	1
jervis	1
paleo-indians	1
guy	1
kumathero	1
mmwera	1
olympic	1
ankakakamizidwa	1
amaene	1
atule	1
mi	1
chakumadzulo	1
ÿπÿ±ÿ®Ÿäÿ©	1
bwenzi	1
sakanatha	1
weniweni	1
run	1
mmawa	1
'masulirani	1
malifalensi	1
anapangidwa	1
anasutsana	1
akamenye	1
g20	1
olevianus	1
wogwira	1
zitayezedwa	1
mishoni	1
rome	1
linkalamuliridwa	1
akamayeza	1
zoyenga	1
akulemekeza	1
akabvomera	1
amapedzeka	1
amakhalira	1
achilendo	1
de'angelo	1
contiguous	1
cosenza	1
kumenyana	1
isavutike	1
water	1
mwamtendere	1
m'malawi	1
kuthandiza	1
aphunziro	1
jure	1
yoletsedwa	1
anatumizidwa	1
kukuzizira	1
kudzatenga	1
nijemci	1
anatsutsa	1
baobab	1
iyoyo	1
asanathetse	1
mudziwe	1
mobisa	1
anayankha	1
maraviwo	1
reggio	1
ankapanga	1
impso	1
anakaphunzira	1
chodyera	1
chizindikiro	1
spanish	1
linapeza	1
rus	1
idasunthidwa	1
kudyetsa	1
amathandiza	1
market	1
sichinapambane	1
northen	1
andi	1
working	1
janvier	1
kuthawa	1
indica	1
yozungulira	1
akuku	1
wautali	1
telemu	1
ankakanizidwa	1
freestyle	1
methodist	1
kutolela	1
sikuposa	1
malawi,mu	1
dopaseche	1
kukhalanso	1
kande,chifira	1
chimatchuka	1
magulu	1
kayerekera	1
novembala/disembala	1
inedible	1
umalowa	1
1945	1
prof	1
soul	1
livomere	1
mbendela	1
poyesa	1
convention	1
matenje	1
zinapezeka	1
listeni	1
zolembedwa	1
adaonetsa	1
mayioko	1
tingathe	1
amayambitsidwa	1
zazifupi	1
kukhalamo	1
tinamenyera	1
chokhazikitsa	1
67	1
anakamupeza	1
zachititsa	1
lidzizilamulira	1
suti	1
m'musimu	1
kapenaso	1
chapola	1
mike	1
1.3	1
ansiya	1
masewerera	1
masikuano	1
lenileni	1
kayendedwe	1
140	1
kanuri¬†¬∑	1
mopemphedwa	1
kulimbukitsa	1
zinkawoneka	1
manitoba	1
rang	1
14%	1
anapampana	1
chi-	1
pompa	1
izinso	1
m'masiku	1
unkatchulidwa	1
natural	1
nthawizina	1
chinapatsidwa	1
amapikisana	1
pochita	1
vieira	1
gustav	1
losauka-	1
kufa	1
pasanafike	1
linamutchula	1
amamwalira	1
9,540,000	1
munthu.kulalikira	1
serving	1
akhudzidwanso	1
ursinus	1
kukonzera	1
nomba	1
anakatenganso	1
itukule	1
mainly	1
kong	1
130	1
powapezetsa	1
ambili	1
ankalola	1
ankatsegulidwa	1
azibamboa	1
chinalembetsedwa	1
mochedwa	1
caucasus	1
n‚Äôkumatifalitsa	1
mika	1
bata	1
ufumuwu	1
tuli	1
zobera	1
komweko	1
ogona	1
cheyenne	1
amagwira	1
mpinganjira	1
mdela	1
ankatsogolera	1
kumapezeka	1
aliopo	1
cilakolako	1
chilungamol	1
fr	1
records	1
1956	1
1951	1
1950	1
ritchie	1
choyandikana	1
ineyo	1
tuumfwane	1
kangapo	1
mdera	1
alowe	1
chozama	1
wokongolo	1
zpani	1
kubwezeretsa	1
mala≈µi,ndipo	1
luganda¬†¬∑	1
nsanga	1
mbuye	1
zowo	1
wosowa	1
kane	1
chinasinthidwa	1
mpasu	1
amatchuka	1
chinalengeza	1
chigirinilandi	1
bio-diesel	1
akungokhala	1
zoyenera	1
ulongwe	1
phindu	1
ankafika	1
megaregion	1
zopachika	1
saturnalia	1
kena	1
coffee,modyeramo,mabala,malo	1
lodzilamulira	1
unafika	1
zinapanga	1
wesikoti	1
kutuluka	1
gavinala	1
malinki	1
generation	1
kutsatila	1
chiphasochi	1
1200mm	1
kumakhakla	1
ezekieli	1
1989	1
eagle	1
unkadziwika	1
ceo	1
"'""mv"	1
linani	1
atsikana	1
adakhala	1
california	1
zovuta	1
kuwapatsa	1
kukameta	1
care	1
bomali	1
achikulire	1
ankawonetsedwa	1
unakhala	1
pulani	1
wofunika	1
anatanthauza	1
livingston	1
nyumbayi	1
handikachifi	1
kwamtuwagalu	1
chinkafunika	1
1994-1996	1
think	1
wikibooks/vicilibraria	1
origin	1
zao	1
seychelles	1
kutsutsako	1
lmwe	1
spoken	1
m‚Äômimba	1
mpkana	1
otsiherero¬†¬∑	1
aford}	1
chimenechi,alendo	1
chololedwa	1
anasu	1
mtsogo	1
chikhumi	1
vote	1
anavuta	1
achitsamunda	1
okhazikika	1
mabuku	1
pitani	1
wonyankhalala	1
zovomelezeka	1
wawachifwamba	1
amatanthauzira	1
kutengedwa	1
fm	1
plains	1
paokha	1
texas	1
sizimaloledwa	1
matelefoni	1
mundawo	1
chinayambira	1
kunachokera	1
mmamawa	1
kuzipha	1
timutumikire	1
hibernia	1
powachititsa	1
short	1
mesiya	1
bering	1
than	1
theophany	1
ngongole	1
sankaona	1
war	1
korani	1
ankapita	1
potenza	1
anabwezeredwa	1
chimafanana	1
mwazi	1
johnstone	1
anathawa	1
twi¬†¬∑	1
kumbuyo	1
unalengeza	1
ulenje	1
gƒ©k≈©y≈©¬†¬∑	1
paulo	1
zimatsimikizira	1
kudzikonda	1
yaing'ono	1
warsaw	1
unalinso	1
aang‚Äôono	1
adzayimire	1
sciences	1
joueurs	1
ukaphatikizidwa	1
chinankhazikitsa	1
nazareti	1
linkasunga	1
bailey	1
wettest	1
adali	1
600,000	1
kumawopsyeza	1
200	1
trichilia	1
otsalira	1
wadzikoli	1
206	1
phokoso	1
akamanena	1
mgodiwu	1
20%	1
tizomera	1
mzerewu	1
azithunzithunzi-book	1
sali	1
ogulira	1
oromoo¬†¬∑	1
milioni	1
kulekanitsa	1
tikuzidziwa	1
chikhrisitu	1
1576	1
akuchitira	1
hypperrhenia	1
wogonjetsa	1
mwachindunji	1
kugwirizanako	1
mayendedwe;kuchoka	1
enemy	1
chingoli	1
bc/bce	1
asanatenge	1
n‚Äôzofanana	1
anafunika	1
lipatsidwe	1
ankayesa	1
matabele	1
zachikhalidwe	1
isixhosa¬†¬∑	1
linatha	1
nali	1
dick	1
masha	1
umazeka	1
only	1
wood	1
ankayeneranso	1
bureau	1
adagona	1
kuthamangitsidwa	1
eurasia	1
aegean	1
enanso	1
presbyterian	1
ad/ce)ndi	1
mipongo	1
unatha	1
utasintha	1
azerbaijan	1
anapezedwa	1
mstinje	1
maufuluwa	1
budget	1
oleifera	1
prime	1
chitumbuka¬†¬∑	1
othawa	1
kuloledwa	1
chogulitsa	1
brunswick	1
mumzinda	1
kunkamveka	1
zakukhosi	1
inaliengeza	1
anasemphana	1
malipilo	1
wolumikiza	1
amalambira	1
democractic	1
chipika	1
kotentha,kwamatope	1
wamsangala,ndipo	1
inathera	1
1925	1
tsambali	1
1928	1
anachiyimira	1
concern	1
kuonetsa	1
ankazunzidwira	1
nkana	1
chewa	1
cd	1
gaga	1
ogwirira	1
amazenga	1
ntchitoyi	1
takambiranazi	1
zimakhala	1
yoyandikira	1
oyimira	1
akhalepo	1
council	1
mfula	1
cities	1
anayankhira	1
j ä…ôr…ôp	1
kukalowa	1
losangalala	1
umatchuka	1
kokha-	1
schleswig-holstein	1
kupangitsa	1
called	1
ad/ce)amene	1
chinathetsa	1
woyambilira	1
ad/ce)[6	1
zoonetsa	1
amawaganizira	1
amachuluka	1
kulamulidwa	1
silamu	1
zimamveka	1
tsangano	1
period	1
munapanga	1
mugabe	1
63	1
66	1
stamba	1
kumulola	1
zikuoneka	1
myuzipepala	1
wokondedwa	1
zimatchulidwa	1
kudzakwera	1
wesu	1
anakhomeleredwa	1
ucla	1
selflessly	1
mark	1
tropical	1
wakhudza	1
limatsata	1
miyoyo	1
yokhayo	1
alilenji	1
muboma	1
anauka	1
402	1
gombe	1
colors	1
oshiwambo¬†¬∑	1
tikuwona	1
anakweradi	1
zokomera	1
yoyenerera	1
kumapiri	1
yatsopano	1
kubweranso	1
bosporus	1
zosamveka	1
azungo	1
minister	1
anadziwika	1
6.690	1
ambuye	1
ruby	1
malti¬†¬∑	1
m‚Äôchilatini	1
kubereka	1
udayamba	1
zofanana	1
ankadziwika	1
adzawapatsa	1
mid-atlantic	1
1100	1
msika	1
shopu	1
lidasankha	1
nadzakhalanso	1
lilongwe,anthuwa	1
wawuku	1
kukana	1
pamasankho	1
soil	1
zidachitika	1
patatsala	1
limatchulidwa	1
yamakedzana-ndi	1
sahara	1
meets	1
waterway	1
technology	1
anakapitiliza	1
zvauya	1
vesi	1
par	1
1897	1
kufulumizitsa	1
anakhudzidwa	1
anagawana	1
day)lomwe	1
lochedwa	1
chakwera	1
food	1
panthawi	1
bermuda	1
subdomain	1
ndikuthetsa	1
daocletian	1
noble	1
m‚Äômipingo	1
mphunzitso	1
anatsala	1
ankapikisana	1
linaachotsa	1
kusungitsa	1
stage,kapeska	1
anagwirizana	1
pobelekerana	1
chifukha	1
wekha	1
mwambo	1
anayendanso	1
mwapang'ono	1
udalengeza	1
tubyo	1
chizolowezi	1
roughly	1
zapadziko	1
mwamba	1
kudulidwa	1
sichifukwa	1
anatsatila	1
iwapatse	1
malile	1
chinabvomerezedwa	1
gdp	1
nai	1
uranium	1
15.501	1
ngos	1
anawo	1
lokongola	1
unlamuliro	1
mindayo	1
zozizira	1
owatsatira	1
oyipa	1
mapokoso	1
2008/2009	1
azigwiritsa	1
verse	1
bloc	1
chomvera	1
1976	1
kwani	1
aphunzitsi,anthu	1
chinayenda	1
m`masukulu	1
angapewe	1
adapanga	1
ama	1
mosavuta	1
agwidwa	1
grid	1
ankatsatiridwa	1
m'banja	1
walilongwe	1
m'dzikolo	1
anathawira	1
kulera	1
litadziwa	1
chikaladi	1
poyipa	1
kennedy	1
kumunsi	1
m'tsogoleri	1
wolakwa	1
zambia's	1
t	1
pongam	1
rich	1
lowona	1
woyipayo	1
bineth	1
sizinayambe	1
yehova	1
ankayenera	1
sidwala	1
plotdata=	1
clear=all>	1
us$320	1
yyyy	1
3bc	1
anadziwa	1
mahositelo	1
mkango	1
zipangizo	1
1859	1
colonial	1
kujambula	1
zopeleka	1
anaphatikizapo	1
meharry	1
mokakamizidwa	1
anakakhalanso	1
otsiriza	1
linasinthidwa	1
kukankha	1
achinyezi	1
m'mbiri	1
quang	1
mtambanyama	1
xitsonga¬†¬∑	1
pochitsa	1
zinadutsa	1
1930	1
1936	1
1934	1
adalengeza	1
zaudokotala	1
ŒµŒªŒªŒ∑ŒΩŒπŒ∫ŒÆ	1
on	1
uchimo	1
matukutuku	1
bantungwa	1
imagwa	1
amaranthus	1
umadutsa	1
victors	1
chifulenchi	1
pokonzekera	1
cambridge	1
fertile	1
ndodo	1
sizinathandize	1
kusamvetsetsa	1
blessed	1
m'tawuni	1
kulankhuka	1
iwowanso	1
wikisource	1
14:2	1
limeneli.<br>	1
ndapeza	1
anaukira	1
banda‚Äô	1
there	1
falkland	1
wosiyanasiyana	1
ehf	1
start	1
mateyo(lomwe	1
kirundi¬†¬∑	1
biriwira	1
valley	1
753	1
750	1
36.000	1
osonyeza	1
azadirachta	1
sanabadwe	1
mchilitsi	1
alignbars	1
t.d.t	1
lietuva	1
daffless	1
lowerenga	1
mungakhoze	1
anaotchedwa	1
2.000‚Äî5.000	1
chiyembekezo	1
democtratic	1
liri	1
kukwatirana	1
machitika	1
kusagwirizana	1
chipepala	1
pophatikiza	1
ndalamazi	1
1200	1
spinosus	1
an	1
at	1
zolemba	1
kudzela	1
bishop	1
mitsitsi	1
sizimalora	1
high	1
chakusagwirizana	1
povala	1
tijuana	1
anagwiranso	1
yamalamulo	1
lidachita	1
anayeseysa	1
bwana	1
ankawoneka	1
iyende	1
woonetsa	1
lecce	1
katswiri	1
kupititsa	1
pasanapite	1
kumpsyompsyonana	1
pachizungu	1
mpalume	1
important	1
'pezani	1
msokhano	1
shuga	1
building	1
januwale	1
umaganiziridwa	1
zammbuyomo	1
linayamba	1
-13.98333	1
zinatchuka	1
mikangano	1
anatisiya	1
kunanenedwa	1
azedarach	1
samathanso	1
attati	1
mchitidwewu	1
chinasinthika	1
ciudad	1
akuwoloka	1
epulo	1
kopambana	1
imatha	1
hamburg	1
class√©e	1
wyoming	1
sankasangalala	1
yotchedwa	1
idzakhala	1
rwanda	1
yofikira	1
anakwatira	1
omutsatira	1
mayikao	1
adzitenga	1
mpa	1
yudeya	1
uwu	1
kuphatikizako	1
inayambika	1
apeter	1
kudzayambitsa	1
lidakwanitsa	1
yense	1
akazi	1
chinyezi	1
imapeleka	1
amasintha	1
anggun	1
kuonongeka	1
europe-chiphunzitso	1
these	1
small	1
20th	1
mile	1
zitanthauziro	1
sewerolo	1
limatha	1
193	1
otsogolera	1
sikotishi	1
malawi,blantyre	1
akutsogola	1
nbc	1
serenissima	1
wamkazi	1
bass	1
chiopsenzo	1
anasamutsidwa	1
analeredwa	1
zotentha	1
sun	1
ÊàêÂú®Âü∫	1
m'miyezi	1
18	1
laing‚Äòono	1
mabukunso	1
mzindau,ndipo	1
kusinthanitsa	1
kulima	1
christadelphians	1
poyankhula	1
analola	1
dutch-	1
ozinza	1
lamdalitsa	1
milungu	1
umakhala	1
fipi	1
matauni	1
chilandirire	1
tsankholi	1
5ad/ce	1
november	1
kudzaimanso	1
mulu	1
anapambananso	1
900	1
1848	1
ahead	1
moteronso	1
adzingowathandiza	1
anqqun	1
amatcheda	1
cilumba	1
m‚Äômagazimo	1
m'mma	1
cabasho	1
umatenga	1
chilandilireni	1
kumidzi	1
yotsilizaya	1
yemwe	1
setswana¬†¬∑	1
marginal	1
chikatolika	1
anakumana	1
amasowa	1
2000s	1
umuna	1
1906	1
1907	1
protectorate	1
research	1
amapatsidwa	1
anatsogolera	1
twa	1
inlai	1
anabweretsedwa	1
bizinesi	1
two	1
248	1
increment:1000	1
ndinkaopa	1
zotsatirazosinali	1
more	1
zinkachitika	1
kudzilemekeza	1
ampunga	1
atapewa	1
lipabuliki	1
ankawatanthawuzira	1
wilberforce	1
kondowe	1
kumalire	1
owateteza	1
evil	1
asanachuluke	1
m'maiko	1
msokera	1
ziwonetsero	1
phillip	1
des	1
kuyang'ana	1
resources	1
morgan	1
zokolola	1
chinagonjetsedwa	1
osiyana	1
twendele	1
gavanala	1
franco-ontarians	1
jacks	1
ankaphunzitsa	1
ankakawachingamira	1
cajan	1
anapereka	1
thug	1
chinathetsedwa	1
apadera	1
chidaposa	1
hhi	1
wochekekachekeka	1
kukakambirana	1
woyendamo	1
sesotho¬†¬∑	1
goal	1
amwandiwonerapati	1
cipta	1
739-743	1
mapu	1
chinakula	1
pulaimale	1
munali	1
ndikaathandize	1
m‚Äôchiyankhulo	1
mbuti	1
ft	1
seoul	1
mainga	1
analankhula	1
orientation:vertical	1
loyera	1
nkhuni	1
kofunika	1
zakhala	1
zwangendaba	1
akukhudzana	1
kein	1
owala	1
zinadzatchuka	1
–†–æ—Å—Å–∏—è	1
freedom's	1
analidi	1
okulira	1
alibe	1
malombe	1
milletia	1
lingaliro	1
chitidwewu	1
1300	1
mtumwi	1
umaphatikizidwa	1
eton	1
ukalamba	1
ã‚Äãamagwiritsidwanso	1
mangalande,omwe	1
utha	1
makanema	1
27	1
5:37	1
zotsalira	1
chinkawavuta	1
late	1
2%	1
obvala	1
anawonjeza	1
systems	1
wolimbikitsa	1
yi	1
kutsutsana	1
lidasonkhanitsa	1
good	1
demographics	1
chofunsa	1
megalopolises	1
ankamutsatira	1
unagawidwa	1
kuwaposa	1
wachokela	1
wololedwa	1
level	1
emetica	1
ife	1
azunguwo	1
blest	1
imayambira	1
akupingamnyama	1
'fbt	1
kugwirizana	1
afufuze	1
otsutsa	1
evd	1
andale	1
wofuna	1
ndife	1
left:50	1
kuboma	1
marichi	1
namtindi	1
hartley	1
zikapezeka	1
stage,bandawe	1
bandayu	1
wamasiku	1
osungila	1
wovulalayo	1
osungilamo	1
akhirisitu	1
ankafufuza	1
posokoneza	1
ponena	1
kuchipululu	1
ankayesayesa	1
zinatula	1
mwankhanza	1
wogula	1
laling‚Äôono	1
wokwera	1
akulamla	1
ankaitchula	1
zinapangitsa	1
samara	1
oyitanidwa	1
messina	1
yokweza	1
anatengera	1
put	1
akuyenera	1
basi	1
zazing‚Äôono	1
kachenjede	1
pakukulitsa	1
malowo	1
versteh	1
bamanankan¬†¬∑	1
italiana	1
ayi	1
akuganiza	1
mlatho	1
m'nyumba	1
1:1	1
anakaimira	1
atenge	1
kulalikila	1
brave	1
choyendetsera	1
wofiirira	1
obwera	1
purpureum	1
pachakudya	1
marine	1
jew	1
anatukula	1
zanizeni	1
l'√©quipe	1
ankadulidwa	1
chimasankhidwa	1
aang'ono	1
mama	1
nigeria	1
kumpsompsona	1
luunga	1
1559	1
kusokonezedwa	1
kuzizira	1
amamwaliranso	1
subcontinent	1
atolankhani	1
polimbana	1
okongola	1
anapha	1
tsogolo	1
kuphatikizapo	1
m'pamene	1
pennisetum	1
anayima	1
1913	1
obama	1
limakhulupiliwa	1
marshall	1
chidani	1
unyamata	1
jesus-name	1
strathclyde	1
al-gaddafi	1
wonena	1
analumbiritsidwa	1
24.709.000	1
ankagwidwa	1
m'wela	1
zoyambirirra	1
macau	1
amapita	1
imadya	1
chitaliyana	1
londedwa	1
anayenda	1
sanagwirizane	1
m‚Äôchigawo	1
zaulimu	1
zochitika	1
chibayo	1
ndalama,ndi	1
fatch	1
nkhata-bay,komanso	1
lernt	1
m'mbatizi	1
mikanda	1
mudziko	1
click	1
molondola	1
zochepa	1
paliponse	1
1915-1916	1
kukapitiriza	1
blantyre-lomwe	1
adayikhazikitsa	1
cameroon	1
mphuzitsi	1
tochedwa	1
villages	1
electric	1
zinachokela	1
ozama	1
amai	1
potenga	1
limafotokoza	1
plan	1
25.184	1
upulezienti	1
services	1
hannock	1
mayina	1
inalipo	1
ankati	1
tinakhala	1
amabwera	1
ke	1
chinatenganso	1
mobile	1
carthage	1
ko	1
nkhomaliro	1
locales	1
ankasakidwa	1
muyenera	1
chimayankhulidwa	1
kutenga	1
silikudziwika	1
gold	1
chotsala	1
apale	1
nkhawa	1
zing'onozing'ono	1
pologalamuyi	1
gonjetsani	1
kunalengezedwa	1
ankachitsedwa	1
2004-2009	1
zokwezera	1
chikhazikutsireni	1
munthi	1
biogas	1
music	1
mumsunge	1
funso	1
amodzi	1
pothetsa	1
chovuta	1
ankalangidwa	1
kachilombo	1
beauteous	1
8	1
pameneko	1
siteji	1
kokha	1
hiv	1
ansamuka	1
ankhale	1
ankhala	1
opha	1
likadzadzala	1
mzimu	1
n'chimodzi	1
amenenanso	1
chibemba	1
kuzindikira	1
kutengera	1
amazilamulira	1
cry	1
witwatersrand	1
chivomerezi	1
kukhazikika	1
atsimikizira	1
chilolezo	1
liwilo	1
anatsegula	1
yimodzi	1
chimerika	1
muyezo	1
dionysius	1
zochoka	1
ankatsatira	1
kumatanthauza	1
dalitsa	1
ubwenzi	1
sizimapezeka,ndipo	1
zanenedwa	1
mmanja	1
ntawi	1
hadzabel	1
nordic	1
chitatu	1
ndiwo	1
won	1
barbados	1
amalemba	1
akafulawo	1
mphunsitsi	1
limaga≈µikira	1
apitirize	1
n‚Äôkuthandizanso	1
ntchitondi	1
anthuu	1
manihot	1
mega	1
'neath	1
mulembi	1
8‚Äì2	1
changi	1
atafa	1
kumayiko	1
nseru	1
kunyamula	1
zofunda	1
mngono	1
mwase	1
cakes	1
panoli	1
mayankho	1
150cm	1
simple	1
sky	1
-2009	1
1000ad	1
choposa	1
1890s	1
caspar	1
binh	1
zaulimi	1
pamapeto	1
change	1
opembedza	1
zacharius	1
kunayambitsa	1
linalamulila	1
kuyi	1
modern	1
flight	1
maqil	1
mavesi	1
lalimbikitsa	1
anawapatsa	1
rufa	1
kolakwika	1
adagwiranso	1
unelectrified	1
kufunika	1
analitchula	1
1925-1958	1
atabatizidwa	1
ankachitchulira	1
zachitika	1
zikuphatikizapo	1
seed	1
32	1
wokondweresta	1
octavian	1
amachikera	1
kusankhanso	1
liongwe	1
nderalo	1
melia	1
amaona	1
sankakwana	1
portugal	1
century	1
s√§ng√∂¬†¬∑	1
akahle	1
ndili	1
moto	1
lomwenso	1
linatuluka	1
zaziwerengero	1
curcas	1
adafotokoza	1
makuponi	1
ipitirire	1
kumeneko	1
compos√©e	1
kwao	1
chinabuka	1
amakhalawo	1
wotsogolera	1
afar¬†¬∑	1
zenasi	1
development	1
changati	1
imabvuta	1
anaitanidwa	1
asanabadwe	1
achikuda	1
moment	1
wapezetsa	1
ÿπŸäÿ≥Ÿâ,kutanthauza	1
chopusacho‚Äô‚Äô(mmene	1
amatchulidwa	1
m'mphepete	1
yekhayo	1
chimakwirira	1
zazing'ono	1
udayambitsidwa	1
tsopano.'	1
akanakhala	1
driest	1
kusiyana	1
500mm	1
kaye	1
1967	1
kuthandizira	1
tiyambe	1
siswati¬†¬∑	1
boer	1
cholemba	1
anatchila	1
bottom:30	1
chiyambireni	1
anaponyedwa	1
love	1
afri	1
dzikolu	1
kagame	1
25.7%	1
also	1
ndikulemba	1
ìca	1
unalimbikitsidwa	1
chinakhazikitsa	1
uchi	1
motero	1
administrative	1
1,600,000	1
build	1
nthambi	1
zothetsa	1
zikupitilirabe	1
wothandizira	1
atha	1
kaso	1
anakwela	1
mburi	1
lilongwe,pomwe	1
abwino	1
naphatikizidwa	1
meta-wikipedia/meta-vicipaedia	1
right:20	1
azugu	1
ankalandilidwa	1
amauza	1
chitidwewo	1
mmwezi	1
chorus	1
mamembala	1
ndikuganiza	1
ankathawa	1
bamboo	1
harry	1
29‚Äì36	1
ho	1
anamangidwapo	1
dongosololi	1
caspian	1
analinso	1
zapangitsa	1
kumalo	1
umulungu	1
kugawidwa	1
creation	1
yehoshua	1
adakachita	1
iyenso	1
kadamsana	1
amazunza	1
akweza	1
1917	1
m‚Äômbuyo	1
asukulu	1
m`malo	1
mangalande	1
tating‚Äôonoting‚Äôono	1
amachokera	1
providence	1
digili	1
aatali	1
akubayibitsa	1
wovutika	1
limamukumbukira	1
umakonda	1
rappers	1
wosonyeza	1
ba	1
rapping	1
bc	1
nkhungwa	1
processing	1
wotakataka	1
chishona	1
nyamoyo	1
kutha	1
wakuubwana	1
become	1
from	1
tsikulinso	1
kulembetsa	1
ich	1
asatero.chifukwa	1
blocs	1
gambia	1
anzungu	1
woyimba	1
pre-columbian	1
adzaimire	1
antillean	1
33.78333	1
73	1
height:320	1
muzaka	1
m‚Äôzaka	1
anaulula	1
nso	1
imfa	1
ayimire	1
kudzudzulidwa	1
akutsatira	1
__notoc__	1
pagalimoto	1
ndinso	1
imati	1
top:25	1
kumakumbukulidwa	1
pamenepa	1
ptolemy	1
amfumu	1
kunda	1
ci-	1
zachodniopomorskie	1
chiphaso	1
kulowelerana	1
amayesa	1
translate	1
mkati	1
meier's	1
adachita	1
bambenga	1
mulungundi	1
registered	1
kukhudza	1
lingua	1
latƒ´na	1
oyandikira	1
nafenso	1
ngwokoma	1
toyambitsa	1
kukatenga	1
pokakamiza	1
wongwira	1
kufanana	1
okhoza	1
up	1
nagwiranso	1
limafanana	1
guyana	1
amakakhala	1
chimatenga	1
medical	1
chinkapangitsa	1
makalatawo	1
√âquipe	1
anazengedwa	1
zingagwirizane	1
utatu	1
wamtauni	1
abwelera	1
chinapambananso	1
jae-gi(korea:ÏÑ±Ïû¨Í∏∞	1
amaravi	1
imagesize	1
azikhulupilira	1
yofiira	1
1896	1
amadziwapo	1
kudzithandiza	1
1892	1
cotton	1
kongo¬†¬∑	1
mkhristu	1
chinenelo	1
anapezako	1
mukulowa	1
2010/2011	1
zimasiya	1
anzake	1
95%	1
yomweyo	1
umanena	1
africa,omwe	1
users	1
500,000	1
ingapo	1
laling'ono	1
bonparte	1
lucia	1
mutende	1
limayambitsanso	1
silinachite	1
amaoneka	1
pologramuyi	1
chiche≈µa	1
asanaonepo	1
physiographic	1
age	1
posakhalitsa	1
oyera	1
2003	1
cynodon	1
mznda	1
kulibe	1
tete	1
mlera	1
anabweleranso	1
adakakhala	1
ankamenyana	1
ŸÑÿ∫ÿ©	1
pygmy	1
kungatithandizenso	1
produce	1
hilda	1
anaonjeza	1
kuwonetsa	1
derali	1
go	1
nkukhla	1
gabon	1
chinakhalabe	1
15,000	1
ziphaso	1
kolera	1
mexicali	1
zinagulitsidwa	1
foni	1
idasamutsidwa	1
kumasiyana	1
hunger	1
chilembedwereni	1
akuzisunga	1
mzimayi	1
kutsimikizira	1
hiv/aids	1
woyang'anira	1
uzima	1
azipani	1
kubatizidwa	1
anatengapo	1
mulanduwo	1
ndinagwirizana	1
1791	1
kalavula	1
mliriwu	1
g8	1
liest	1
zinafika	1
inkaimbidwa	1
kumvera	1
mmagawo	1
chemwali	1
akamapita	1
kansa	1
italienne	1
iwonso	1
chisanko	1
kukhoti	1
zi	1
kudziona	1
kumayankhulidwanso	1
akugwira	1
crop	1
mphoto	1
kupitiriza	1
1852-1895	1
woyimila	1
fermenting	1
kukukala	1
minibasi	1
nevada	1
limalembedwa	1
chicago	1
wort	1
kugula	1
anamudula	1
zodabwitsa	1
likanakhala	1
kumwalila	1
zimachulukira	1
capital	1
adachachitanso	1
kusakhazikika	1
3e	1
kadzamirawa	1
anayimba	1
likukolola	1
zinapita	1
commercial	1
madambo	1
kuwukira	1
polyacantha	1
achepe	1
woopsa	1
womasuliridwa	1
chinatha	1
alabama	1
ukraine	1
zinasaina	1
1932	1
33	1
chimanena	1
casino	1
1931	1
35	1
lobadwa	1
haitians	1
chokhacho	1
unkadziwikila	1
bayaka	1
1935	1
beijing	1
egypt	1
kawiluwilu	1
330	1
jatropha	1
chitsamundacho	1
sindingabvomere	1
zidzukulu	1
enawa	1
enawo	1
m‚Äômodzi	1
ankawonera	1
1939	1
logde	1
chigriki	1
wosangalala	1
chinayesedwa	1
igbo¬†¬∑	1
lodziimira	1
generators	1
uwasenaminwa	1
hydro	1
kumatendawa	1
malawi,sukulu	1
parliament	1
luba	1
chopanda	1
adakhalaponso	1
zikuchokera	1
lukuta	1
posachedwa	1
yor√πb√°¬†¬∑	1
kalankhulidwe	1
tshivenda¬†¬∑	1
iii	1
circle	1
women	1
zokupha	1
ndo	1
idutse	1
f	1
3,930,000	1
alib	1
amaganizira	1
nkhosa	1
barack	1
zokuza	1
85-165	1
atachila	1
kuthokoza	1
kuona	1
roma.a	1
reserved	1
lachitatu	1
lingadzipezere	1
rauvolfia	1
ju√°rez	1
chabe.[4	1
exiguus	1
mpindi	1
sanaphedwe	1
zothetsera	1
amutenge	1
mwale	1
anzeru	1
chitalephera	1
linkawunika	1
m‚Äôsukulu	1
olimbikitsa	1
yakulipidwa	1
madigiri	1
ngoziyi	1
usaid	1
bulwi	1
forest	1
kumvetsera	1
ndunazi	1
ankapemphera	1
kumutenga	1
udasintha	1
greatly	1
thileni	1
m`maiko	1
amerika	1
farm	1
vibo	1
mpakana	1
malamulowa	1
paintball	1
msonkhaano	1
ndithudi	1
anavulala	1
13.670	1
zikhulupiriro	1
koyambilila	1
kubwelela	1
m'kubwa	1
wapezeka	1
pochoka	1
2003-2004	1
awukire	1
ndikukalowa	1
muthararika	1
kusankhana	1
chachitali	1
kutachitika	1
nato	1
owukira	1
akulimbikitsa	1
chabwino	1
kwabdiri	1
kubowola	1
wachisanu	1
muyeso	1
deprecating	1
sasangalala	1
lonyoza	1
m‚Äôtimagawo	1
christ√≥s	1
anasiyidwa	1
zachipatala	1
http://www.wikipedia.org	1
degreee	1
emilia-romagna	1
ankamangidwa	1
m'mtendere	1
kulongosola	1
winning	1
m'zigawo	1
lt	1
makumu	1
kumalumikizana	1
2015	1
linkalamulirabe	1
zogonana	1
anaphanso	1
loyendetsa	1
adapita	1
limapangidwa	1
atawoneka	1
zikhulupilirozi	1
zotsatizana	1
zoyambilira	1
chinakhazikitsidwa	1
1776	1
m‚Äôndandanda	1
adalandira	1
alaska	1
kuonjezera	1
republican	1
iyambeni	1
anayankhula	1
amgwra	1
kanthu	1
zinagwilizana	1
mumalankhula	1
amanenanso	1
m‚Äômitengo	1
atengedwa	1
chiyunda	1
chachikale	1
ikuluikulu	1
muuthenga	1
pemene	1
amadziwa	1
ayezi	1
82	1
sinodi	1
agriculture	1
tshangirai	1
adabadwa	1
yesuyo	1
amatha	1
1964.(kunali	1
chingathandize	1
gridcolor:linegrey2	1
osiyanasiyananso	1
analandiranso	1
anakhudzidwanso	1
chimatanthauza	1
analandiridwa	1
kusunga	1
foundation	1
red	1
inapereka	1
mabungwewa	1
kaphunzitsidwe	1
sustainable	1
region	1
adawatumiza	1
lynchburg	1
locri	1
http://www.aidsmalawi.org.mw/].chinthu	1
achuluke	1
kachiwili	1
m`malawi	1
yachuluka	1
zokambirana	1
cholimba	1
british.pofika	1
chiwili	1
chosakhala	1
januale	1
1342	1
azikakhala	1
abwelere	1
ndale,pamene	1
owathandizira	1
4bc	1
vandal	1
45%	1
paudindowu	1
mdandanda	1
kupikisana	1
khilisimasi	1
nkhope	1
chimawoneka	1
their	1
1500	1
udakadikila	1
dominica	1
kunatha	1
onena	1
nyenyezi	1
god's	1
ungapange	1
anagwirako	1
mabwenzi	1
academy	1
pakali	1
tinapata	1
zing‚Äôonozing‚Äôono	1
angafale	1
kukafika	1
m‚Äômabukhu	1
ndimpatse	1
owonetsa	1
achisilamu	1
kumatchuka	1
wopelekedwa	1
konwe	1
ukumu	1
anagulitsa	1
mkwiyo	1
ofalitsa	1
ankaganiza	1
mdalitse	1
kinyarwanda¬†¬∑	1
elesoni	1
sanaime	1
akamakawabvinira	1
fodya	1
achotsa	1
cathutu	1
partnership	1
mzati	1
movutikila	1
m'mabukhu	1
kuto	1
odutsa	1
kumwamba	1
atawone	1
linkaunika	1
chikondi	1
atayiwala	1
fashion'd	1
zmw	1
ngoni	1
ankasewera	1
kukhomeleredwa	1
lingala¬†¬∑	1
mbomali	1
latini	1
worldwide	1
chikondwelero	1
teremu	1
centre	1
owonjezera	1
losauka	1
kufupi	1
malawi,chitani	1
basket	1
stage,malaza	1
kubwadwa	1
linalanda	1
tanaka	1
linagawidwa	1
ankaopedwa	1
2011	1
odzipereka	1
cka	1
refreshing	1
kugwiririra	1
zikatere	1
amaatchula	1
1,000	1
zinayambira	1
wailesi	1
guinea	1
umatuluka	1
dzinthu	1
peto	1
yolandira	1
chokumbukira	1
chotelechi	1
zosakhala	1
ahelene	1
akupelekedzeni	1
mungayende	1
amayankhula	1
zinaneneredwa	1
ì	1
manchester	1
lophunzitsira	1
chopyolera	1
zikuwonekabe	1
fear	1
chipolowe	1
kukhonza	1
envy	1
nga	1
apambana	1
tanki	1
chidatsika	1
kopitirira	1
kudzakhazikitsa	1
linalandira	1
52	1
kugwiritsidwa	1
akufunika	1
nsogoleri	1
lelo	1
starch	1
chalichili	1
misonkho	1
maluwa	1
wawululu	1
anawalamulira	1
pamudzi	1
imalongosoledwa	1
zidalephereka	1
129	1
lofika	1
yenda	1
achitira	1
amavutitsa	1
iƒìsous	1
zinkatheka	1
anasamukira	1
ogulitsidwa	1
mafunso	1
chimaonetsa	1
sha	1
wakuti	1
adautsegulira	1
plotdata	1
zinalembedwa	1
ohio	1
atagona	1
4.8%	1
mwawi	1
woyang‚Äôanira	1
anamaliza	1
zithunzi	1
opanda	1
anachitikapo	1
zambili	1
greece	1
kuyimirira	1
anakaona	1
asanduliza	1
analanda	1
muudzu	1
kumudzi	1
m'munsi-pakati	1
1788	1
wogalamukira	1
maguluwa	1
adalimbikitsanso	1
yoipa	1
olemba	1
warren	1
inakula	1
uzibweretsa	1
anakana	1
lg	1
katengedwa	1
joy	1
internationale	1
kufunsa	1
mfuti	1
potsutsana	1
meso-indian	1
ubwino	1
amateteza	1
ankawakhulupilira	1
amazipeza	1
linatanthauziridwa	1
kukolora	1
mongol	1
anachitiza	1
chonde	1
soomaaliga¬†¬∑	1
zakudya	1
ansankhidwa	1
anakhulupilira	1
romance	1
popangidwa	1
mlembi	1
wachinyamata	1
stage,chituka	1
oyambitsidwa	1
middle	1
away	1
1160	1
1898	1
amachita	1
olowa	1
mmbatizi	1
mndandanda	1
yamvula	1
ankanenazi	1
lodziwika	1
zsasmi	1
atasiya	1
sakudwala	1
cham'mwanba'	1
loyandikira	1
oti	1
zonawonetsa	1
m‚Äômboma	1
osangalatsa	1
zosonyeza	1
zikupita	1
bulu	1
chimalawi	1
zero	1
10.180.000	1
chipite	1
kuwukiraku	1
anaisamutsira	1
anapambanso	1
present	1
ufuluwu	1
chiphunzitso	1
neri	1
main	1
edenburg	1
lokhalo	1
lokhala	1
english-	1
tsamba	1
kutengendwa	1
meredith	1
makiyi	1
ilo	1
maui	1
kutchuka	1
2012	1
anayambitsanso	1
ukatwiri	1
pasanathe	1
koletsedwa	1
bio-fuel	1
sanasankhe	1
unachitikira	1
snuck	1
yonena	1
arabic	1
sayenera	1
chigermany	1
udatengedawa	1
sanapiteko	1
lilongweku	1
wobadwa	1
zipembedzo	1
anankhala	1
cine	1
√ºberhaupt	1
unite	1
member	1
unity	1
sindikupatsani	1
kulalikira	1
twelfth	1
kuthawira	1
zachiwawa	1
anka	1
kuanyama¬†¬∑	1
columbia	1
caffra	1
chibantu	1
wikis	1
yautsogoleri	1
phd	1
lipoti	1
akuluakulu	1
kuthila	1
limadziwikanso	1
anapambanabe	1
anamupha	1
zizindikirozo	1
òmalume‚Äô	1
rift	1
eumboni	1
kusanduka	1
i	1
anaika	1
nkhatabay	1
mzere	1
njanji	1
wadzaoneneni	1
ìudali	1
kumayambiliro	1
yofanana	1
mgodiwunso	1
lofuna	1
kulimbikura	1
sadzaima	1
kukhudzana	1
das	1
bandali	1
bongo	1
ndikuyamba	1
dakota	1
loyanganira	1
yorodani	1
upangiri	1
kukakhala	1
27.1%	1
saint-	1
asinthidwe	1
kusanza	1
amalowa	1
30ad	1
zachilengedwe	1
analamulira	1
wer	1
onwards	1
adoption	1
limalimbikitsa	1
okutobala	1
anafundidwa	1
nate	1
nthakawo	1
26%	1
liberia	1
chitsatiracho	1
chindebele	1
chinkalamulira	1
kokhazikitsa	1
a320	1
akanapeza	1
nathan	1
headquarter	1
choloredwa	1
samawalola	1
like	1
athe	1
ndzika	1
ndziko	1
anamuchondelera	1
kumenya	1
anakhazikikako	1
moringa	1
aziyima	1
athu	1
ad-	1
page	1
kubwelera	1
ankapunzitsa	1
amangoti	1
anaimitsa	1
zoti	1
unfao	1
chokana	1
anabwadwa	1
253	1
chibadwireni	1
kuunika	1
sakudziwa	1
zosintha	1
trust	1
"maples""""'"	1
broad	1
chakumvuma	1
philosopher	1
mosamala	1
kuwombera	1
yophatikiza	1
glacial	1
leader	1
amafunanso	1
zilonda	1
biology	1
anamusankha	1
sankatsatira	1
chiwindi	1
mzipinda	1
amangokhala	1
tikunenayi	1
adakhalanso	1
anatchulidwa	1
nafe	1
zitheke	1
zaulere	1
ndiyotentha	1
kalasi	1
science	1
imaoneka	1
rare	1
adabadwira	1
freedom	1
zatsopano	1
ukuimira	1
ikukumana	1
epiphany	1
1acn	1
linatenga	1
160	1
woima	1
kukakamizidwa	1
motherland	1
chisangalalo	1
kum‚Äômawa	1
sanamvere	1
pakatha	1
kugulistidwa	1
comesa	1
increment:11000	1
kulimbana	1
chimachokera	1
wochita	1
aphatikizidwa	1
1986	1
1982	1
1983	1
malire.kulinso	1
chmayankhulidwa	1
adapeza	1
mwamsangamsanga	1
chinasintha	1
zachepetsa	1
m'mawa	1
tisaope	1
kavalidwe	1
welensky	1
anakhudza	1
salerno	1
atakhudzana	1
jzu	1
ankhasangalala	1
chothandiza	1
pakufuna	1
momwe	1
zofunikira	1
ivory	1
ireland	1
ankabvala	1
osakhutilitsidwa	1
kande	1
kalahari	1
565	1
ricthie	1
66.7%	1
fundo	1
chiheberi	1
anachuluka	1
akulandira	1
anadandaulanso	1
akunenedwa	1
mizu	1
chisanakwane	1
zinasowa	1
official	1
mcp}	1
amereka	1
niassa	1
ankamvetseledwa	1
kulilongwe	1
anaimitsidwa	1
khala	1
alembedwa	1
ukazembe	1
machitidwe	1
dotolo),college	1
zosiyana-siyana	1
udachitikira	1
zakhaninkhani	1
cueli	1
inn	1
m'zinenero	1
chilimwe	1
dzanja	1
pakatikati	1
lomwelo	1
magreb	1
kukhetsa	1
49	1
46	1
45	1
yokhonzekera	1
aakuluakulu	1
normal	1
naye	1
booker	1
akan¬†¬∑	1
1563	1
ncholinga	1
nelson	1
wotsatira	1
francisco	1
twange	1
alipatsambali	1
kumbukirani	1
ndikukhazikitsidwa	1
amadziwika	1
mukamagwira	1
wotchi	1
pumps	1
sichidziwika	1
olamurira	1
kotero	1
malawi,ntchito	1
gulf	1
imaphunzitsidwa	1
zosungirako	1
catanzaro	1
using	1
47%	1
nkwazi	1
afilika	1
chisipanishi	1
imani	1
nkamngano	1
zonena	1
